{
	"name": "Death Corridors",
	"description": "Campaign map for Futuric Industries",
	"loadout": "basicNucleus",
    "startingItems": [
    	{"item": "copper", "amount": 500},
    	{"item": "lead", "amount": 200}
    ],
"configureObjective": {
        "type": "launched",
        "zone": "death-corridors"
    },
"launchPeriod":10,
"conditionWave":10,
    "requirements": [
    	{
    		"type": "ZoneWave",
    		"zone": "groundZero", 
    		"wave": 100
    	},
    	{
    		"type": "Unlock",
    		"block": "starium-forge"
    	},
    	{
    		"type": "Unlock",
    		"block": "event-horizon"
    	}
    ],
    "resources": ["copper", "tungsten", "lead", "coal", "sand", "thorium", "titanium", "scrap", "cosmovum", "light", "schrabbidium", "unobtanium", "blightblende",]
}
