{
	"type": "wraith",
	"name": "Decimator",
	"description": "Le Chef des mechas",
	"maxVelocity": 0.5,
	"speed": 0.5,
	"drag": 0.45,
	"mass": 20,
	"rotatespeed": 0.03,
	"baseRotateSpeed": 0.01,
	"hitsizeTile": 12,
	"hitsize": 50,
	"health": 1000000,
	"range": 150,
	"attackLength": 230,
	"rotateWeapon": true,
	"targetAir": false,
	"weapon": {
		"name": "decimator-equip",
		"length": 16,
		"width": 27,
		"alternate": true,
		"recoil": 6,
		"reload": 50,
		"shootSound": "shootBig",
		"bullet": {
			"type": "ArtilleryBulletType",
			"collidesTiles": true,
			"collidesAir": true,
			"collides": true,
			"speed": 6,
			"damage": 250,
			"lifetime": 60,
			"bulletWidth": 15,
			"bulletHeight": 28,
			"bulletShrink": 0,
			"hitSize": 8,
			"knockback": 5,
			"splashDamage": 30,
			"splashDamageRadius": 90,
			"trailEffect": "missileTrail",
			"trailColor": "FFDF33",
			"status": "melting",
			"statusDuration": 1200,
			"fragBullets": 10,
			"fragBullet": "lightning"
		}
	}
}
