{
"type": "itemTurret",
"name": "Neon tower",
"description": "Shoot light (pew pew pew)",
"health": 700,
"size": 3,
"shots":3,
"reload": 1,
"shootCone":20,
"range": 450,
"burstSpacing":10,
"ammoUseEffect": "shellEjectSmall",
"targetAir":true,
"targetGround":true,
"inaccuracy": 6,
"rotatespeed": 12,
"ammo": {
"neonred": {
"type": "ArtilleryBulletType",
"collidesTiles": true,
"collidesAir": true,
"collides": true,
"speed": 8.0,
"damage":7,
  "lifetime":160,
"backColor":FF073A,
"frontColor":FF073A,
"trailColor":FF073A,
"bulletWidth": 10,
"bulletHeight": 14,
"shootEffect": "shootSmall",
"smokeEffect": "shootSmallSmoke",
"ammoMultiplier": 4},
"neongreen": {
"type": "ArtilleryBulletType",
"collidesTiles": true,
"collidesAir": true,
"collides": true,
"speed": 8.0,
"damage":7,
"lifetime":160,
"backColor":39FF14,
"frontColor":39FF14,
"trailColor":39FF14,
"bulletWidth": 10,
"bulletHeight": 14,
"shootEffect": "shootSmall",
"smokeEffect": "shootSmallSmoke",
"ammoMultiplier": 4},
"neonviolet": {
"type": "ArtilleryBulletType",
"collidesTiles": true,
"collidesAir": true,
"collides": true,
"speed": 8.0,
"damage":7,
"lifetime":160,
"backColor":BC13FE,
"frontColor":BC13FE,
"trailColor":BC13FE,
"bulletWidth": 10,
"bulletHeight": 14,
"shootEffect": "shootSmall",
"smokeEffect": "shootSmallSmoke",
"ammoMultiplier": 4},
"neonblue": {
"type": "ArtilleryBulletType",
"collidesTiles": true,
"collidesAir": true,
"collides": true,
"speed": 8.0,
"damage":7,
"lifetime":160,
"backColor":4D4DFF,
"frontColor":4D4DFF,
"trailColor":4D4DFF,
"bulletWidth": 10,
"bulletHeight": 14,
"shootEffect": "shootSmall",
"smokeEffect": "shootSmallSmoke",
"ammoMultiplier": 4},
"neonorange": {
"type": "ArtilleryBulletType",
"collidesTiles": true,
"collidesAir": true,
"collides": true,
"speed": 8.0,
"damage":7,
"lifetime":160,
"backColor":FF7F00,
"frontColor":FF7F00,
"trailColor":FF7F00,
"bulletWidth": 10,
"bulletHeight": 14,
"shootEffect": "shootSmall",
"smokeEffect": "shootSmallSmoke",
"ammoMultiplier": 4},
"neonyellow": {
"type": "ArtilleryBulletType",
"collidesTiles": true,
"collidesAir": true,
"collides": true,
"speed": 8.0,
"damage":7,
"lifetime":160,
"backColor":F5FF00,
"frontColor":F5FF00,
"trailColor":F5FF00,
"bulletWidth": 10,
"bulletHeight": 14,
"shootEffect": "shootSmall",
"smokeEffect": "shootSmallSmoke",
"ammoMultiplier": 4}
},
"requirements": [
{"amount":100,"item":"silicon"},
{"amount":80,"item":"tungsten"},
{"amount":60,"item":"titanium"},
{"amount":250,"item":"light"},
],
"category": "turret",
"research": "spectre"
}
