{
	"type": "ItemTurret",
	"name": "Solar Destruction",
	"description": "No machine can handle the power of starium weapons like this",
	"health": 4000,
	"size": 4,
	"reload": 50,
	"range": 290,
	"heatColor": "FFEE55",
	"ammoUseEffect": "none",
	"shootSound": "solar-destruction-shoot",
	"rotatespeed": 2,
	"ammo": {
		"starium": {
			"type": "ArtilleryBulletType",
			"speed": 5.0,
			"damage": 100,
			"lifetime": 170,
			"bulletWidth": 20,
			"bulletHeight": 31,
			"bulletShrink": 0,
			"hitSize": 10,
			"knockback": 4,
			"backColor": "33DFFF",
			"shootEffect": "shockwave",
			"despawnEffect": "explosion",
			"hitEffect": "blockExplosion",
			"hitEffect": "blockExplosionSmoke",
			"hitEffect": "spawnShockwave",
			"hitSound": "solar-destruction-hit",
			"ammoMultiplier": 2,
			"splashDamage": 40,
			"splashDamageRadius": 120,
			"trailEffect": "missileTrail",
			"trailColor": "33DFFF",
			"collidesTiles": true,
			"collidesAir": true,
			"collides": true,
			"bulletSprite": "bullet",
			"fragBullets": 128,
			"fragVelocityMin": 2,
			"fragVelocityMax": 6,
			"fragBullet":{
				"type": "liquidBulletType",
				"liquid": "liquid-starium",
				"peirce": true,
				"hitSize": 7,
				"damage": 20,
				"drag": 0.05,
				"lifetime": 30,
				"inaccuracy": 0,
				"bulletWidth": 90,
				"bulletHeight": 30,
				"knockback": 3,
				"keepVelocity": true,
				"status": "melting",
				"statusDuration": 1200
			}
		}
	},
	"requirements": [
		{ "item": "titanium", "amount": 120 },
		{ "item": "phase-fabric", "amount": 110 },
		{ "item": "surge-alloy", "amount": 80 },
		{ "item": "starium", "amount": 50 }
	],
	"category": "turret",
	"research": "eclipse"
}